name,post--MCC,post--HAL,post--TERM,post--VAR
brainfuck,8.0,206.32331253245206,9.0,12.0
java,406.0,23536.052664803185,145.0,222.0
xml,34.0,1574.0980323970903,21.0,18.0
